BRCC3,,,,,Likely benign,2012-09-21,2018-02-22,https://www.ncbi.nlm.nih.gov/clinvar/RCV000139260
BRCC3,NM_024332.3:c.403+3165C>A,,,,Likely benign,2015-12-01,2018-02-22,https://www.ncbi.nlm.nih.gov/clinvar/RCV000208901	
BRCC3,NM_024332.3:c.549-323A>G,,,,Likely benign,2015-12-01,2018-02-22,https://www.ncbi.nlm.nih.gov/clinvar/RCV000208939	
BRCC3,NM_024332.3:c.493-404C>T,,,,Variant of uncertain significance,2015-12-01,2018-02-22,https://www.ncbi.nlm.nih.gov/clinvar/RCV000209191	
BRCC3,NM_024332.3:c.123+84T>C,,,,Variant of uncertain significance,2015-12-01,2018-02-22,https://www.ncbi.nlm.nih.gov/clinvar/RCV000209266	
BRCC3,NM_024332.3:c.403+3171G>A,,,,Likely benign,2015-12-01,2018-02-22,https://www.ncbi.nlm.nih.gov/clinvar/RCV000209349	
BRCC3,NM_024332.3:c.196-1496T>C,,,,Variant of uncertain significance,2015-12-01	2018-02-22	https://www.ncbi.nlm.nih.gov/clinvar/RCV000209521	
BRCC3,NM_024332.3:c.403+241A>G,,,,Likely benign,2015-12-01,2018-02-22,https://www.ncbi.nlm.nih.gov/clinvar/RCV000209556	
BRCC3,NM_024332.3:c.403+205A>G,,,,Likely benign,2015-12-01,2018-02-22,https://www.ncbi.nlm.nih.gov/clinvar/RCV000209682	
BRCC3,,,,,Likely benign,2009-12-30,2018-02-22,https://www.ncbi.nlm.nih.gov/clinvar/RCV000133832	
BRCC3,,,,,Uncertain significance,2011-01-27,2018-02-22,https://www.ncbi.nlm.nih.gov/clinvar/RCV000135629	
BRCC3,,,,,Pathogenic,2010-10-30,2018-02-22,https://www.ncbi.nlm.nih.gov/clinvar/RCV000136031	
BRCC3,,,,,Uncertain significance,2010-10-19,2018-02-22,https://www.ncbi.nlm.nih.gov/clinvar/RCV000137010	
BRCC3,,,,,Uncertain significance,2011-11-04,2018-02-22,https://www.ncbi.nlm.nih.gov/clinvar/RCV000137816	
BRCC3,,,,,Uncertain significance,2012-09-21,2018-02-22,https://www.ncbi.nlm.nih.gov/clinvar/RCV000139766	
BRCC3,,,,,Uncertain significance,2013-06-25,2018-02-22,https://www.ncbi.nlm.nih.gov/clinvar/RCV000141857	
BRCC3,,,,,Uncertain significance,2014-07-18,2018-02-22,https://www.ncbi.nlm.nih.gov/clinvar/RCV000142097	
BRCC3,,,,,Pathogenic,2018-02-22,2018-02-22,https://www.ncbi.nlm.nih.gov/clinvar/RCV000169646	
BRCC3,,,,,Pathogenic,2018-02-22,2018-02-22,https://www.ncbi.nlm.nih.gov/clinvar/RCV000169647	
BRCC3,,,,,Uncertain significance,2016-02-29,2018-02-22,https://www.ncbi.nlm.nih.gov/clinvar/RCV000510427	
BRCC3,,,,,Pathogenic,2016-02-29,2018-02-22,https://www.ncbi.nlm.nih.gov/clinvar/RCV000510828	
BRCC3,,,,,Pathogenic,2015-03-05,2018-02-22,https://www.ncbi.nlm.nih.gov/clinvar/RCV000511063	
BRCC3,,,,,Uncertain significance,2014-05-05,2018-02-22,https://www.ncbi.nlm.nih.gov/clinvar/RCV000511866	
BRCC3,,,,,Pathogenic,2014-12-31,2018-02-22,https://www.ncbi.nlm.nih.gov/clinvar/RCV000512474	
BRCC3,,,,,Pathogenic,2011-08-12,2018-02-22,https://www.ncbi.nlm.nih.gov/clinvar/RCV000051761	
BRCC3,,,,,Pathogenic,2011-08-12,2018-02-22,https://www.ncbi.nlm.nih.gov/clinvar/RCV000051762	
BRCC3,,,,,Pathogenic,2011-08-12,2018-02-22,https://www.ncbi.nlm.nih.gov/clinvar/RCV000051763	
BRCC3,,,,,Uncertain significance,2011-08-12,2018-02-22,https://www.ncbi.nlm.nih.gov/clinvar/RCV000054323	
BRCC3,,,,,Uncertain significance,2011-08-12,2018-02-22,https://www.ncbi.nlm.nih.gov/clinvar/RCV000054324	
BRCC3,,,,,Pathogenic,2016-01-20,2018-02-22,https://www.ncbi.nlm.nih.gov/clinvar/RCV000239872	
